Link Name,Center of Mass X,Center of Mass Y,Center of Mass Z,Center of Mass Roll,Center of Mass Pitch,Center of Mass Yaw,Mass,Moment Ixx,Moment Ixy,Moment Ixz,Moment Iyy,Moment Iyz,Moment Izz,Visual X,Visual Y,Visual Z,Visual Roll,Visual Pitch,Visual Yaw,Mesh Filename,Color Red,Color Green,Color Blue,Color Alpha,Collision X,Collision Y,Collision Z,Collision Roll,Collision Pitch,Collision Yaw,Collision Mesh Filename,Material Name,SW Components,Coordinate System,Axis Name,Joint Name,Joint Type,Joint Origin X,Joint Origin Y,Joint Origin Z,Joint Origin Roll,Joint Origin Pitch,Joint Origin Yaw,Parent,Joint Axis X,Joint Axis Y,Joint Axis Z,Limit Effort,Limit Velocity,Limit Lower,Limit Upper,Calibration rising,Calibration falling,Dynamics Damping,Dynamics Friction,Safety Soft Upper,Safety Soft Lower,Safety K Position,Safety K Velocity
base_link,0.0314,0.00010216,0.20197,0,0,0,15.77639769,0.12149,1.0486E-05,-0.0038991,0.14861,-5.87E-06,0.11055,0,0,0,0,0,0,package://FlaminGO_14Dof_Arm_Robot_v2/meshes/base_link.STL,0.75294,0.75294,0.75294,1,0,0,0,0,0,0,package://FlaminGO_14Dof_Arm_Robot_v2/meshes/base_link.STL,,base_v0-1,base_joint,,,,0,0,0,0,0,0,,0,0,0,,,,,,,,,,,,
left_dof1_link,0.0018034,-0.00023075,0.05636,0,0,0,0.99503714,0.0018729,-1.39E-06,0.00024251,0.0017275,1.2126E-05,0.00079498,0,0,0,0,0,0,package://FlaminGO_14Dof_Arm_Robot_v2/meshes/left_dof1_link.STL,0.75294,0.75294,0.75294,1,0,0,0,0,0,0,package://FlaminGO_14Dof_Arm_Robot_v2/meshes/left_dof1_link.STL,,left_dof1_v0-1,left_dof1_joint,,left_dof1_joint,revolute,0.062882,0.0625,0.7425,1.5708,0,3.1416,base_link,0,0,1,120,20,-3.40339204,1.48352986,,,,,,,,
left_dof2_link,0.000293985,-0.056040422,-0.022798653,0,0,0,3.3287317,0.003916911,-1.94E-05,-1.44E-06,0.002372762,-9.49E-05,0.005253863,0,0,0,0,0,0,package://FlaminGO_14Dof_Arm_Robot_v2/meshes/left_dof2_link.STL,0.752941176,0.752941176,0.752941176,1,0,0,0,0,0,0,package://FlaminGO_14Dof_Arm_Robot_v2/meshes/left_dof2_link.STL,,left_dof2_v0-1,left_dof2_joint,,left_dof2_joint,revolute,-0.022913,0,0.104,3.1416,-1.5708,0,left_dof1_link,0,0,1,120,20,-2.96705973,0.29670597,,,,,,,,
left_dof3_link,0.008504748,0.000230681,0.06734907,0,0,0,1.48355801,0.00149032,-3.52E-06,5.56025710226022E-05,0.001037034,1.27627773521193E-05,0.000759343,0,0,0,0,0,0,package://FlaminGO_14Dof_Arm_Robot_v2/meshes/left_dof3_link.STL,0.752941176,0.752941176,0.752941176,1,0,0,0,0,0,0,package://FlaminGO_14Dof_Arm_Robot_v2/meshes/left_dof3_link.STL,,left_dof3_v0-1,left_dof3_joint,,left_dof3_joint,revolute,0,-0.145,-0.0255,1.5708,0,0,left_dof2_link,0,0,1,60,20,-2.5225,2.5225,,,,,,,,
left_dof4_link,0.074183323,-0.00234025,-0.02552454,0,0,0,0.710853,0.00025469,1.06541348716813E-05,7.72159243161279E-05,0.000776543,2.20546481102254E-06,0.000816534,0,0,0,0,0,0,package://FlaminGO_14Dof_Arm_Robot_v2/meshes/left_dof4_link.STL,0.752941176,0.752941176,0.752941176,1,0,0,0,0,0,0,package://FlaminGO_14Dof_Arm_Robot_v2/meshes/left_dof4_link.STL,,left_dof4_v0-1,left_dof4_joint,,left_dof4_joint,revolute,-0.023,0,0.088,3.1416,-1.5708,0,left_dof3_link,0,0,-1,60,20,-0.20943951,1.79768913,,,,,,,,
left_dof5_link,0.002712113,0.000984649,0.063378904,0,0,0,1.08161709,0.000876114,2.28774668170969E-06,-2.41E-05,0.000657659,-1.63E-06,0.000339766,0,0,0,0,0,0,package://FlaminGO_14Dof_Arm_Robot_v2/meshes/left_dof5_link.STL,0.752941176,0.752941176,0.752941176,1,0,0,0,0,0,0,package://FlaminGO_14Dof_Arm_Robot_v2/meshes/left_dof5_link.STL,,left_dof5_v0-1,left_dof5_joint,,left_dof5_joint,revolute,0.132,0,-0.0305,0,1.5708,0,left_dof4_link,0,0,1,14,32,-3.83972435,0.6981317,,,,,,,,
left_dof6_link,-0.002089735,0.000317895,0.00338653,0,0,0,0,3.99189871184107E-05,9.76609990415116E-08,-5.95E-09,2.22720675278235E-05,-3.71E-08,2.28022853138171E-05,0,0,0,0,0,0,package://FlaminGO_14Dof_Arm_Robot_v2/meshes/left_dof6_link.STL,0.752941176,0.752941176,0.752941176,1,0,0,0,0,0,0,package://FlaminGO_14Dof_Arm_Robot_v2/meshes/left_dof6_link.STL,,left_dof6_v0-1,left_dof6_joint,,left_dof6_joint,revolute,0,0,0.13,-1.5708,0,0,left_dof5_link,0,0,1,14,32,-0.87266463,0.87266463,,,,,,,,
left_dof7_link,0.079637053,-0.088417626,-0.021023582,0,0,0,0.64136941,0.000456157,5.24698424183171E-05,2.73306968895615E-07,0.000505159,-2.18E-05,0.000307103,0,0,0,0,0,0,package://FlaminGO_14Dof_Arm_Robot_v2/meshes/left_dof7_link.STL,0.752941176,0.752941176,0.752941176,1,0,0,0,0,0,0,package://FlaminGO_14Dof_Arm_Robot_v2/meshes/left_dof7_link.STL,,left_dof7_v0-1,left_dof7_joint,,left_dof7_joint,revolute,-0.0225,0,0,3.1416,-1.5708,0,left_dof6_link,0,0,-1,14,32,-1.57079633,1.57079633,,,,,,,,
left_l_gripper_link,0.001147467,-0.02852389,-0.00025632,0,0,0,0.102275,4.35090963529451E-05,-1.16E-07,-7.03E-12,2.210441057474E-05,3.54056616973699E-06,5.80645799062485E-05,0,0,0,0,0,0,package://FlaminGO_14Dof_Arm_Robot_v2/meshes/left_l_gripper_link.STL,0.752941176,0.752941176,0.752941176,1,0,0,0,0,0,0,package://FlaminGO_14Dof_Arm_Robot_v2/meshes/left_l_gripper_link.STL,,left_l_gripper-1,left_l_gripper_joint,,left_l_gripper_joint,prismatic,0,-0.1275,-0.07855,0,0,0,left_dof7_link,0,0,-1,14,32,-0.04249,0,,,,,,,,
left_r_gripper_link,-0.001147469,-0.028523883,0.000256319,0,0,0,0.102275,4.35091164887871E-05,1.1603384193734E-07,-1.00E-11,2.21044197794562E-05,-3.54E-06,5.80646069695255E-05,0,0,0,0,0,0,package://FlaminGO_14Dof_Arm_Robot_v2/meshes/left_r_gripper_link.STL,0.752941176,0.752941176,0.752941176,1,0,0,0,0,0,0,package://FlaminGO_14Dof_Arm_Robot_v2/meshes/left_r_gripper_link.STL,,left_r_gripper-1,left_r_gripper_joint,,left_r_gripper_joint,prismatic,0,-0.1275,0.03355,0,0,0,left_dof7_link,0,0,-1,14,32,0,0.04249,,,,,,,,
right_dof1_link,-0.001803376,0.00023075,0.056359515,0,0,0,0.99503714,0.001872904,-1.39E-06,-0.000242515,0.00172748,-1.21E-05,0.000794976,0,0,0,0,0,0,package://FlaminGO_14Dof_Arm_Robot_v2/meshes/right_dof1_link.STL,0.752941176,0.752941176,0.752941176,1,0,0,0,0,0,0,package://FlaminGO_14Dof_Arm_Robot_v2/meshes/right_dof1_link.STL,,right_dof1_v0-1,right_dof1_joint,,right_dof1_joint,revolute,0.062882,-0.0625,0.7425,1.5708,0,0,base_link,0,0,-1,120,20,-1.48352986,3.40339204,,,,,,,,
right_dof2_link,0.000293962,-0.056116405,-0.022796575,0,0,0,3.3287317,0.003902585,-1.81E-05,-1.45E-06,0.002373403,-9.43E-05,0.00524018,0,0,0,0,0,0,package://FlaminGO_14Dof_Arm_Robot_v2/meshes/right_dof2_link.STL,0.752941176,0.752941176,0.752941176,1,0,0,0,0,0,0,package://FlaminGO_14Dof_Arm_Robot_v2/meshes/right_dof2_link.STL,,right_dof2_v0-1,right_dof2_joint,,right_dof2_joint,revolute,0.022913,0,0.104,0,1.5708,0,right_dof1_link,0,0,1,120,20,-0.29670597,2.96705973,,,,,,,,
right_dof3_link,-0.008503292,0.000225539,0.067348556,0,0,0,1.48355801,0.001490292,3.32749349967503E-06,-5.56E-05,0.001037027,1.26101150015172E-05,0.000759321,0,0,0,0,0,0,package://FlaminGO_14Dof_Arm_Robot_v2/meshes/right_dof3_link.STL,0.752941176,0.752941176,0.752941176,1,0,0,0,0,0,0,package://FlaminGO_14Dof_Arm_Robot_v2/meshes/right_dof3_link.STL,,right_dof3_v0-1,right_dof3_joint,,right_dof3_joint,revolute,0,-0.145,-0.0255,1.5708,0,0,right_dof2_link,0,0,1,60,20,-2.52247738,2.52247738,,,,,,,,
right_dof4_link,-0.074184264,-0.002259263,-0.025506516,0,0,0,0.710853,0.000254856,-8.49E-06,-7.82E-05,0.00077592,3.27733484623813E-06,0.000815656,0,0,0,0,0,0,package://FlaminGO_14Dof_Arm_Robot_v2/meshes/right_dof4_link.STL,0.752941176,0.752941176,0.752941176,1,0,0,0,0,0,0,package://FlaminGO_14Dof_Arm_Robot_v2/meshes/right_dof4_link.STL,,right_dof4_v0-1,right_dof4_joint,,right_dof4_joint,revolute,0.023,0,0.088,0,1.5708,0,right_dof3_link,0,0,1,60,20,-1.79768913,0.20943951,,,,,,,,
right_dof5_link,-0.00276848,0.000984519,0.063377848,0,0,0,1.08161709,0.000876126,-2.24E-06,2.30923969279845E-05,0.000657672,-1.63E-06,0.000339769,0,0,0,0,0,0,package://FlaminGO_14Dof_Arm_Robot_v2/meshes/right_dof5_link.STL,0.752941176,0.752941176,0.752941176,1,0,0,0,0,0,0,package://FlaminGO_14Dof_Arm_Robot_v2/meshes/right_dof5_link.STL,,right_dof5_v0-1,right_dof5_joint,,right_dof5_joint,revolute,-0.132,0,-0.0305,3.1416,-1.5708,0,right_dof4_link,0,0,1,14,32,-3.8397,0.69813,,,,,,,,
right_dof6_link,0.002089735,0.000615001,0.003343673,0,0,0,0,3.99189871184086E-05,8.90183420846902E-08,6.35135976310167E-09,2.22720675278216E-05,3.70984476052978E-08,2.28022853138173E-05,0,0,0,0,0,0,package://FlaminGO_14Dof_Arm_Robot_v2/meshes/right_dof6_link.STL,0.752941176,0.752941176,0.752941176,1,0,0,0,0,0,0,package://FlaminGO_14Dof_Arm_Robot_v2/meshes/right_dof6_link.STL,,right_dof6_v0-1,right_dof6_joint,,right_dof6_joint,revolute,0,0,0.13,-1.5708,0,0,right_dof5_link,0,0,1,14,32,-0.87266463,0.87266,,,,,,,,
right_dof7_link,-0.079632387,-0.088417626,-0.021143438,0,0,0,0.64136941,0.000456157,-5.28E-05,2.73306968806619E-07,0.000505159,-2.11E-05,0.000307103,0,0,0,0,0,0,package://FlaminGO_14Dof_Arm_Robot_v2/meshes/right_dof7_link.STL,0.752941176,0.752941176,0.752941176,1,0,0,0,0,0,0,package://FlaminGO_14Dof_Arm_Robot_v2/meshes/right_dof7_link.STL,,right_dof7_v0-1,right_dof7_joint,,right_dof7_joint,revolute,0.0225,0,0,0,1.5708,0,right_dof6_link,0,0,1,14,32,-1.57079633,1.57079633,,,,,,,,
right_l_gripper_link,-0.001147467,-0.02852389,0.00025632,0,0,0,0.102275,4.35090862244178E-05,1.16015615499737E-07,-5.53E-12,2.21044059141262E-05,-3.54E-06,5.80645662186957E-05,0,0,0,0,0,0,package://FlaminGO_14Dof_Arm_Robot_v2/meshes/right_l_gripper_link.STL,0.752941176,0.752941176,0.752941176,1,0,0,0,0,0,0,package://FlaminGO_14Dof_Arm_Robot_v2/meshes/right_l_gripper_link.STL,,right_l_gripper-1,right_l_gripper_joint,,right_l_gripper_joint,prismatic,0,-0.1275,0.03355,0,0,0,right_dof7_link,0,0,1,14,32,0,0.04249,,,,,,,,
right_r_gripper_link,0.001147472,-0.028523875,-0.000256318,0,0,0,0.102275,4.35090963502791E-05,-1.16E-07,-7.03E-12,2.21044105666606E-05,3.54056617032949E-06,5.80645799002637E-05,0,0,0,0,0,0,package://FlaminGO_14Dof_Arm_Robot_v2/meshes/right_r_gripper_link.STL,0.752941176,0.752941176,0.752941176,1,0,0,0,0,0,0,package://FlaminGO_14Dof_Arm_Robot_v2/meshes/right_r_gripper_link.STL,,right_r_gripper-1,right_r_gripper_joint,,right_r_gripper_joint,prismatic,0,-0.1275,-0.07855,0,0,0,right_dof7_link,0,0,1,14,32,-0.04249,0,,,,,,,,
